elapsed_s,elapsed_hms,bus_voltage_V,shunt_voltage_mV,load_voltage_V,current_mA,power_mW
0,00:00:00,4.060,0.050,4.060,0.400,0.000
30,00:00:30,4.304,0.510,4.305,5.000,22.000
60,00:01:00,4.300,0.500,4.301,4.700,22.000
90,00:01:30,4.300,0.450,4.300,4.900,20.000
120,00:02:00,4.296,0.470,4.296,4.900,20.000
150,00:02:30,4.296,0.470,4.296,4.900,20.000
180,00:03:00,4.304,0.490,4.304,4.900,22.000
210,00:03:30,4.312,0.510,4.313,5.000,22.000
240,00:04:00,4.312,0.480,4.312,5.100,20.000
270,00:04:30,4.296,0.480,4.296,4.800,20.000
300,00:05:00,4.296,0.480,4.296,4.800,20.000
330,00:05:30,4.292,0.470,4.292,4.700,20.000
360,00:06:00,4.280,0.430,4.280,4.500,20.000
390,00:06:30,4.272,0.430,4.272,4.400,20.000
420,00:07:00,4.272,0.450,4.272,4.000,16.000
450,00:07:30,4.264,0.440,4.264,4.300,20.000
480,00:08:00,4.256,0.420,4.256,4.000,16.000
510,00:08:30,4.252,0.400,4.252,3.900,20.000
540,00:09:00,4.252,0.410,4.252,4.100,16.000
570,00:09:30,4.248,0.410,4.248,3.900,16.000
600,00:10:00,4.248,0.340,4.248,4.000,16.000
630,00:10:30,4.244,0.430,4.244,3.900,20.000
660,00:11:00,4.248,0.390,4.248,3.500,16.000
690,00:11:30,4.248,0.400,4.248,3.900,16.000
720,00:12:00,4.252,0.380,4.252,4.100,16.000
750,00:12:30,4.260,0.410,4.260,4.300,16.000
780,00:13:00,4.268,0.400,4.268,4.100,16.000
810,00:13:30,4.272,0.440,4.272,4.500,20.000
840,00:14:00,4.280,0.450,4.280,4.700,20.000
870,00:14:30,4.288,0.440,4.288,4.600,20.000
900,00:15:00,4.296,0.470,4.296,4.800,20.000
930,00:15:30,4.296,0.480,4.296,4.700,20.000
960,00:16:00,4.296,0.480,4.296,4.600,20.000
990,00:16:30,4.300,0.460,4.300,4.700,20.000
1020,00:17:00,4.312,0.500,4.313,5.100,22.000
1050,00:17:30,4.332,0.530,4.333,5.500,22.000
1080,00:18:00,4.320,0.530,4.321,5.200,22.000
1110,00:18:30,4.324,0.510,4.325,5.000,22.000
1140,00:19:00,4.336,0.560,4.337,5.200,22.000
1170,00:19:30,4.328,0.530,4.329,5.400,22.000
1200,00:20:00,4.328,0.520,4.329,5.300,22.000
1230,00:20:30,4.328,0.540,4.329,5.400,22.000
1260,00:21:00,4.308,0.500,4.309,4.800,20.000
1290,00:21:30,4.304,0.490,4.304,4.900,20.000
1320,00:22:00,4.284,0.460,4.284,4.700,20.000
1350,00:22:30,4.272,0.440,4.272,4.300,20.000
1380,00:23:00,4.264,0.450,4.264,4.100,20.000
1410,00:23:30,4.260,0.370,4.260,4.000,16.000
1440,00:24:00,4.252,0.420,4.252,4.000,16.000
1470,00:24:30,4.244,0.390,4.244,3.700,16.000
1500,00:25:00,4.236,0.400,4.236,4.000,16.000
1530,00:25:30,4.232,0.380,4.232,3.500,16.000
1560,00:26:00,4.220,0.330,4.220,3.500,14.000
1590,00:26:30,4.216,0.330,4.216,3.400,16.000
1620,00:27:00,4.208,0.350,4.208,3.300,14.000
1650,00:27:30,4.196,0.320,4.196,3.300,14.000
1680,00:28:00,4.192,0.330,4.192,3.400,14.000
1710,00:28:30,4.184,0.310,4.184,3.200,14.000
1740,00:29:00,4.172,0.300,4.172,3.100,14.000
1770,00:29:30,4.164,0.290,4.164,2.900,14.000
1800,00:30:00,4.160,0.290,4.160,2.700,10.000
1830,00:30:30,4.156,0.290,4.156,2.800,14.000
1860,00:31:00,4.152,0.300,4.152,2.900,14.000
1890,00:31:30,4.152,0.280,4.152,2.800,14.000
1920,00:32:00,4.148,0.260,4.148,2.600,10.000
1950,00:32:30,4.148,0.280,4.148,2.600,10.000
1980,00:33:00,4.148,0.280,4.148,2.500,10.000
2010,00:33:30,4.144,0.290,4.144,2.900,14.000
2040,00:34:00,4.144,0.250,4.144,2.600,10.000
2070,00:34:30,4.144,0.260,4.144,2.500,10.000
2100,00:35:00,4.148,0.260,4.148,2.600,10.000
2130,00:35:30,4.148,0.270,4.148,2.700,10.000
2160,00:36:00,4.152,0.260,4.152,2.700,10.000
2190,00:36:30,4.156,0.280,4.156,2.700,10.000
2220,00:37:00,4.156,0.270,4.156,2.900,14.000
2250,00:37:30,4.160,0.280,4.160,2.700,10.000
2280,00:38:00,4.164,0.290,4.164,2.700,14.000
2310,00:38:30,4.176,0.300,4.176,3.100,14.000
2340,00:39:00,4.204,0.340,4.204,3.000,16.000
2370,00:39:30,4.240,0.380,4.240,3.800,16.000
2400,00:40:00,4.252,0.390,4.252,4.300,16.000
2430,00:40:30,4.264,0.400,4.264,4.300,20.000
2460,00:41:00,4.292,0.460,4.292,4.800,20.000
2490,00:41:30,4.316,0.530,4.317,5.100,22.000
2520,00:42:00,4.332,0.550,4.333,5.400,22.000
2550,00:42:30,4.344,0.570,4.345,5.800,26.000
2580,00:43:00,4.364,0.590,4.365,6.100,26.000
2610,00:43:30,4.388,0.670,4.389,6.400,30.000
2640,00:44:00,4.404,0.700,4.405,6.900,30.000
2670,00:44:30,4.408,0.680,4.409,7.000,30.000
2700,00:45:00,4.412,0.710,4.413,7.200,32.000
2730,00:45:30,4.416,0.710,4.417,7.400,32.000
2760,00:46:00,4.408,0.700,4.409,6.800,30.000
2790,00:46:30,4.392,0.660,4.393,6.500,30.000
2820,00:47:00,4.384,0.650,4.385,6.600,26.000
2850,00:47:30,4.368,0.620,4.369,6.100,26.000
2880,00:48:00,4.372,0.600,4.373,6.200,26.000
2910,00:48:30,4.384,0.630,4.385,6.400,30.000
2940,00:49:00,4.388,0.660,4.389,6.600,30.000
2970,00:49:30,4.380,0.630,4.381,6.500,30.000
3000,00:50:00,4.384,0.640,4.385,6.600,30.000
3030,00:50:30,4.388,0.630,4.389,6.600,30.000
3060,00:51:00,4.392,0.660,4.393,6.600,30.000
3090,00:51:30,4.396,0.650,4.397,6.500,30.000
3120,00:52:00,4.400,0.680,4.401,6.700,30.000
3150,00:52:30,4.400,0.700,4.401,6.700,30.000
3180,00:53:00,4.400,0.690,4.401,6.800,30.000
3210,00:53:30,4.400,0.690,4.401,6.800,30.000
3240,00:54:00,4.392,0.650,4.393,6.300,30.000
3270,00:54:30,4.392,0.650,4.393,6.400,30.000
3300,00:55:00,4.392,0.670,4.393,6.700,30.000
3330,00:55:30,4.392,0.640,4.393,6.600,30.000
3360,00:56:00,4.396,0.670,4.397,6.600,30.000
3390,00:56:30,4.408,0.690,4.409,6.900,30.000
3420,00:57:00,4.412,0.690,4.413,6.900,30.000
3450,00:57:30,4.412,0.710,4.413,7.200,30.000
3480,00:58:00,4.412,0.730,4.413,7.200,32.000
3510,00:58:30,4.400,0.670,4.401,6.800,30.000
3540,00:59:00,4.392,0.640,4.393,6.400,30.000
3570,00:59:30,4.368,0.610,4.369,6.100,26.000
3600,01:00:00,4.348,0.560,4.349,5.800,26.000
3630,01:00:30,4.356,0.570,4.357,5.800,26.000
3660,01:01:00,4.368,0.590,4.369,6.200,26.000
3690,01:01:30,4.372,0.620,4.373,6.200,30.000
3720,01:02:00,4.376,0.620,4.377,6.100,26.000
3750,01:02:30,4.384,0.620,4.385,6.300,26.000
3780,01:03:00,4.388,0.660,4.389,6.600,30.000
3810,01:03:30,4.388,0.660,4.389,6.600,30.000
3840,01:04:00,4.384,0.640,4.385,6.400,30.000
3870,01:04:30,4.384,0.640,4.385,6.400,30.000
3900,01:05:00,4.380,0.620,4.381,6.400,30.000
3930,01:05:30,4.380,0.660,4.381,6.200,26.000
3960,01:06:00,4.400,0.680,4.401,6.800,30.000
3990,01:06:30,4.404,0.710,4.405,7.000,30.000
4020,01:07:00,4.412,0.710,4.413,7.200,32.000
4050,01:07:30,4.408,0.680,4.409,7.200,30.000
4080,01:08:00,4.412,0.700,4.413,6.900,30.000
4110,01:08:30,4.408,0.680,4.409,6.900,30.000
4140,01:09:00,4.408,0.680,4.409,6.800,32.000
4170,01:09:30,4.400,0.680,4.401,6.800,30.000
4200,01:10:00,4.396,0.650,4.397,6.800,30.000
4230,01:10:30,4.392,0.630,4.393,6.600,30.000
4260,01:11:00,4.384,0.650,4.385,6.200,26.000
4290,01:11:30,4.384,0.650,4.385,6.300,30.000
4320,01:12:00,4.388,0.660,4.389,6.700,30.000
4350,01:12:30,4.400,0.700,4.401,6.600,30.000
4380,01:13:00,4.392,0.670,4.393,6.300,30.000
4410,01:13:30,4.372,0.620,4.373,6.000,26.000
4440,01:14:00,4.384,0.640,4.385,6.600,30.000
4470,01:14:30,4.376,0.620,4.377,5.800,26.000
4500,01:15:00,4.372,0.600,4.373,6.100,26.000
4530,01:15:30,4.360,0.610,4.361,5.900,26.000
4560,01:16:00,4.336,0.530,4.337,5.600,22.000
4590,01:16:30,4.328,0.500,4.329,5.200,22.000
4620,01:17:00,4.324,0.540,4.325,5.300,22.000
4650,01:17:30,4.328,0.530,4.329,5.300,22.000
4680,01:18:00,4.320,0.540,4.321,5.000,22.000
4710,01:18:30,4.316,0.500,4.317,5.100,22.000
4740,01:19:00,4.312,0.510,4.313,5.000,22.000
4770,01:19:30,4.304,0.500,4.305,4.700,20.000
4800,01:20:00,4.300,0.470,4.300,4.600,20.000
4830,01:20:30,4.292,0.500,4.293,4.600,20.000
4860,01:21:00,4.296,0.480,4.296,4.700,20.000
4890,01:21:30,4.288,0.480,4.288,4.800,20.000
4920,01:22:00,4.284,0.470,4.284,4.300,20.000
4950,01:22:30,4.276,0.440,4.276,4.200,16.000
4980,01:23:00,4.276,0.450,4.276,4.300,16.000
5010,01:23:30,4.264,0.440,4.264,4.300,20.000
5040,01:24:00,4.256,0.400,4.256,4.100,16.000
5070,01:24:30,4.244,0.380,4.244,3.700,16.000
5100,01:25:00,4.232,0.380,4.232,3.700,16.000
5130,01:25:30,4.232,0.360,4.232,3.700,16.000
5160,01:26:00,4.240,0.380,4.240,3.700,16.000
5190,01:26:30,4.244,0.380,4.244,3.900,16.000
5220,01:27:00,4.248,0.380,4.248,3.800,16.000
5250,01:27:30,4.248,0.380,4.248,3.400,14.000
5280,01:28:00,4.252,0.390,4.252,4.100,16.000
5310,01:28:30,4.256,0.410,4.256,3.700,16.000
5340,01:29:00,4.256,0.410,4.256,3.900,16.000
5370,01:29:30,4.260,0.430,4.260,4.000,16.000
5400,01:30:00,4.256,0.410,4.256,4.100,16.000
5430,01:30:30,4.260,0.410,4.260,4.300,20.000
5460,01:31:00,4.256,0.420,4.256,3.900,16.000
5490,01:31:30,4.252,0.390,4.252,3.900,16.000
5520,01:32:00,4.260,0.410,4.260,3.900,16.000
5550,01:32:30,4.268,0.430,4.268,4.300,16.000
5580,01:33:00,4.272,0.450,4.272,4.000,16.000
5610,01:33:30,4.280,0.440,4.280,4.500,20.000
5640,01:34:00,4.288,0.460,4.288,4.700,20.000
5670,01:34:30,4.296,0.470,4.296,4.600,20.000
5700,01:35:00,4.296,0.460,4.296,4.800,20.000
5730,01:35:30,4.300,0.480,4.300,4.700,20.000
5760,01:36:00,4.300,0.490,4.300,4.800,20.000
5790,01:36:30,4.304,0.470,4.304,4.800,20.000
5820,01:37:00,4.304,0.470,4.304,4.800,20.000
5850,01:37:30,4.304,0.500,4.305,5.000,20.000
5880,01:38:00,4.304,0.470,4.304,4.900,20.000
5910,01:38:30,4.308,0.470,4.308,4.800,20.000
5940,01:39:00,4.300,0.470,4.300,4.800,20.000
5970,01:39:30,4.296,0.460,4.296,4.500,20.000
6000,01:40:00,4.284,0.430,4.284,4.300,20.000
6030,01:40:30,4.280,0.450,4.280,4.500,20.000
6060,01:41:00,4.276,0.440,4.276,4.600,20.000
6090,01:41:30,4.268,0.440,4.268,4.300,20.000
6120,01:42:00,4.260,0.430,4.260,4.400,20.000
6150,01:42:30,4.264,0.410,4.264,3.900,16.000
6180,01:43:00,4.264,0.400,4.264,4.000,20.000
6210,01:43:30,4.268,0.430,4.268,4.300,20.000
6240,01:44:00,4.268,0.410,4.268,4.300,20.000
6270,01:44:30,4.276,0.410,4.276,4.500,20.000
6300,01:45:00,4.284,0.440,4.284,4.700,20.000
6330,01:45:30,4.292,0.460,4.292,4.400,20.000
6360,01:46:00,4.304,0.500,4.305,4.700,20.000
6390,01:46:30,4.320,0.510,4.321,4.900,22.000
6420,01:47:00,4.336,0.540,4.337,5.600,22.000
6450,01:47:30,4.356,0.580,4.357,5.800,26.000
6480,01:48:00,4.360,0.590,4.361,5.900,22.000
6510,01:48:30,4.364,0.610,4.365,6.000,26.000
6540,01:49:00,4.380,0.660,4.381,6.600,30.000
6570,01:49:30,4.368,0.610,4.369,6.300,26.000
6600,01:50:00,4.372,0.630,4.373,6.300,30.000
6630,01:50:30,4.372,0.600,4.373,6.300,26.000
6660,01:51:00,4.396,0.660,4.397,6.800,30.000
6690,01:51:30,4.372,0.600,4.373,6.400,30.000
6720,01:52:00,4.384,0.650,4.385,6.600,30.000
6750,01:52:30,4.368,0.640,4.369,6.300,26.000
6780,01:53:00,4.372,0.620,4.373,6.300,26.000
6810,01:53:30,4.336,0.540,4.337,5.400,22.000
6840,01:54:00,4.372,0.660,4.373,6.500,30.000
6870,01:54:30,4.316,0.490,4.316,5.100,22.000
6900,01:55:00,4.308,0.490,4.308,4.800,20.000
6930,01:55:30,4.308,0.510,4.309,5.100,22.000
6960,01:56:00,4.328,0.510,4.329,5.100,22.000
6990,01:56:30,4.316,0.530,4.317,5.000,20.000
7020,01:57:00,4.320,0.500,4.321,5.200,22.000
7050,01:57:30,4.300,0.480,4.300,4.900,20.000
7080,01:58:00,4.352,0.580,4.353,5.600,22.000
7110,01:58:30,4.300,0.450,4.300,5.100,20.000
7140,01:59:00,4.308,0.490,4.308,4.900,20.000
7170,01:59:30,4.292,0.480,4.292,4.600,20.000
7200,02:00:00,4.288,0.470,4.288,4.900,20.000
7230,02:00:30,4.272,0.450,4.272,4.500,20.000
7260,02:01:00,4.268,0.420,4.268,4.400,20.000
7290,02:01:30,4.260,0.410,4.260,3.900,16.000
7320,02:02:00,4.252,0.400,4.252,4.000,16.000
7350,02:02:30,4.248,0.390,4.248,3.600,16.000
7380,02:03:00,4.248,0.430,4.248,3.900,16.000
7410,02:03:30,4.240,0.360,4.240,4.100,16.000
7440,02:04:00,4.228,0.380,4.228,4.000,16.000
7470,02:04:30,4.224,0.370,4.224,3.500,14.000
7500,02:05:00,4.220,0.350,4.220,3.400,14.000
7530,02:05:30,4.212,0.330,4.212,3.500,14.000
7560,02:06:00,4.216,0.360,4.216,3.400,14.000
7590,02:06:30,4.224,0.360,4.224,3.700,16.000
7620,02:07:00,4.236,0.380,4.236,3.700,16.000
7650,02:07:30,4.244,0.400,4.244,4.000,16.000
7680,02:08:00,4.252,0.380,4.252,4.100,16.000
7710,02:08:30,4.248,0.400,4.248,3.800,16.000
7740,02:09:00,4.252,0.360,4.252,4.100,16.000
7770,02:09:30,4.252,0.390,4.252,4.300,16.000
7800,02:10:00,4.248,0.390,4.248,3.900,16.000
7830,02:10:30,4.256,0.420,4.256,3.900,16.000
7860,02:11:00,4.260,0.430,4.260,3.900,16.000
7890,02:11:30,4.268,0.450,4.268,4.300,20.000
7920,02:12:00,4.272,0.410,4.272,4.300,20.000
7950,02:12:30,4.292,0.450,4.292,4.800,20.000
7980,02:13:00,4.304,0.490,4.304,4.700,20.000
8010,02:13:30,4.320,0.490,4.320,5.100,22.000
8040,02:14:00,4.344,0.560,4.345,5.700,22.000
8070,02:14:30,4.340,0.550,4.341,5.300,22.000
8100,02:15:00,4.340,0.540,4.341,5.500,22.000
8130,02:15:30,4.332,0.530,4.333,5.500,22.000
8160,02:16:00,4.320,0.540,4.321,5.100,22.000
8190,02:16:30,4.320,0.520,4.321,5.300,22.000
8220,02:17:00,4.344,0.570,4.345,5.500,22.000
8250,02:17:30,4.336,0.530,4.337,5.200,22.000
8280,02:18:00,4.300,0.450,4.300,4.900,20.000
8310,02:18:30,4.292,0.470,4.292,4.900,20.000
8340,02:19:00,4.308,0.490,4.308,5.000,20.000
8370,02:19:30,4.268,0.430,4.268,4.200,20.000
8400,02:20:00,4.260,0.400,4.260,4.000,16.000
8430,02:20:30,4.260,0.410,4.260,4.100,16.000
8460,02:21:00,4.260,0.400,4.260,3.900,16.000
8490,02:21:30,4.260,0.380,4.260,4.400,20.000
8520,02:22:00,4.260,0.420,4.260,4.000,20.000
8550,02:22:30,4.256,0.390,4.256,3.900,16.000
8580,02:23:00,4.276,0.450,4.276,4.200,16.000
8610,02:23:30,4.264,0.400,4.264,4.000,16.000
8640,02:24:00,4.276,0.410,4.276,4.400,20.000
8670,02:24:30,4.248,0.390,4.248,3.800,16.000
8700,02:25:00,4.236,0.400,4.236,3.800,16.000
8730,02:25:30,4.284,0.470,4.284,4.500,20.000
8760,02:26:00,4.252,0.420,4.252,3.800,16.000
8790,02:26:30,4.260,0.420,4.260,4.200,16.000
8820,02:27:00,4.276,0.450,4.276,4.600,20.000
8850,02:27:30,4.300,0.500,4.301,4.600,20.000
8880,02:28:00,4.336,0.550,4.337,5.400,22.000
8910,02:28:30,4.324,0.490,4.324,5.300,22.000
8940,02:29:00,4.368,0.630,4.369,6.000,26.000
8970,02:29:30,4.392,0.680,4.393,6.600,30.000
9000,02:30:00,4.400,0.690,4.401,6.900,30.000
9030,02:30:30,4.408,0.700,4.409,6.900,30.000
9060,02:31:00,4.412,0.700,4.413,7.100,32.000
9090,02:31:30,4.416,0.720,4.417,7.100,30.000
9120,02:32:00,4.416,0.700,4.417,7.100,32.000
9150,02:32:30,4.416,0.700,4.417,7.100,32.000
9180,02:33:00,4.416,0.690,4.417,7.100,32.000
9210,02:33:30,4.408,0.710,4.409,7.000,30.000
9240,02:34:00,4.400,0.700,4.401,6.800,30.000
9270,02:34:30,4.396,0.690,4.397,6.400,30.000
9300,02:35:00,4.392,0.660,4.393,6.600,30.000
9330,02:35:30,4.392,0.680,4.393,6.500,30.000
9360,02:36:00,4.384,0.630,4.385,6.200,30.000
9390,02:36:30,4.376,0.610,4.377,6.200,26.000
9420,02:37:00,4.356,0.570,4.357,6.000,26.000
9450,02:37:30,4.352,0.570,4.353,5.700,22.000
9480,02:38:00,4.344,0.560,4.345,5.400,22.000
9510,02:38:30,4.340,0.570,4.341,5.500,22.000
9540,02:39:00,4.340,0.550,4.341,5.200,22.000
9570,02:39:30,4.340,0.530,4.341,5.300,22.000
9600,02:40:00,4.336,0.550,4.337,5.500,22.000
9630,02:40:30,4.340,0.520,4.341,5.500,22.000
9660,02:41:00,4.328,0.540,4.329,5.200,22.000
9690,02:41:30,4.300,0.480,4.300,4.800,20.000
9720,02:42:00,4.296,0.470,4.296,4.800,20.000
9750,02:42:30,4.292,0.470,4.292,4.500,20.000
9780,02:43:00,4.296,0.490,4.296,4.800,20.000
9810,02:43:30,4.320,0.520,4.321,4.900,20.000
9840,02:44:00,4.316,0.500,4.317,5.100,22.000
9870,02:44:30,4.324,0.510,4.325,5.200,22.000
9900,02:45:00,4.328,0.540,4.329,5.400,22.000
9930,02:45:30,4.316,0.510,4.317,4.800,20.000
9960,02:46:00,4.320,0.530,4.321,5.200,22.000
9990,02:46:30,4.360,0.590,4.361,6.400,30.000
10020,02:47:00,4.360,0.610,4.361,6.000,26.000
10050,02:47:30,4.364,0.590,4.365,6.000,26.000
10080,02:48:00,4.364,0.600,4.365,6.000,26.000
10110,02:48:30,4.360,0.570,4.361,5.800,26.000
10140,02:49:00,4.356,0.580,4.357,6.000,26.000
10170,02:49:30,4.360,0.580,4.361,5.900,26.000
10200,02:50:00,4.360,0.580,4.361,5.800,26.000
10230,02:50:30,4.356,0.570,4.357,5.600,22.000
10260,02:51:00,4.356,0.590,4.357,5.800,26.000
10290,02:51:30,4.356,0.590,4.357,5.600,22.000
10320,02:52:00,4.356,0.590,4.357,5.700,26.000
10350,02:52:30,4.356,0.610,4.357,6.000,26.000
10380,02:53:00,4.328,0.520,4.329,5.000,22.000
10410,02:53:30,4.316,0.500,4.317,4.800,22.000
10440,02:54:00,4.332,0.510,4.333,5.300,22.000
10470,02:54:30,4.300,0.460,4.300,4.500,20.000
10500,02:55:00,4.292,0.480,4.292,4.900,20.000
10530,02:55:30,4.288,0.440,4.288,4.500,20.000
10560,02:56:00,4.296,0.450,4.296,4.600,20.000
10590,02:56:30,4.300,0.480,4.300,4.800,20.000
10620,02:57:00,4.316,0.510,4.317,5.100,22.000
10650,02:57:30,4.376,0.640,4.377,6.200,26.000
10680,02:58:00,4.376,0.610,4.377,6.100,26.000
10710,02:58:30,4.352,0.590,4.353,5.700,26.000
10740,02:59:00,4.368,0.600,4.369,6.000,26.000
10770,02:59:30,4.340,0.550,4.341,5.200,22.000
10800,03:00:00,4.372,0.600,4.373,6.100,26.000
10830,03:00:30,4.336,0.560,4.337,5.700,26.000
10860,03:01:00,4.364,0.570,4.365,5.800,26.000
10890,03:01:30,4.380,0.640,4.381,6.500,30.000
10920,03:02:00,4.344,0.540,4.345,5.400,22.000
10950,03:02:30,4.360,0.570,4.361,5.800,22.000
10980,03:03:00,4.384,0.650,4.385,6.400,30.000
11010,03:03:30,4.384,0.660,4.385,6.500,30.000
11040,03:04:00,4.388,0.660,4.389,6.600,30.000
11070,03:04:30,4.384,0.660,4.385,6.600,30.000
11100,03:05:00,4.388,0.640,4.389,6.500,30.000
11130,03:05:30,4.360,0.570,4.361,5.900,26.000
11160,03:06:00,4.332,0.540,4.333,5.100,22.000
11190,03:06:30,4.336,0.530,4.337,5.300,22.000
11220,03:07:00,4.340,0.530,4.341,5.400,22.000
11250,03:07:30,4.340,0.570,4.341,5.600,26.000
11280,03:08:00,4.348,0.580,4.349,5.800,26.000
11310,03:08:30,4.344,0.550,4.345,5.300,22.000
11340,03:09:00,4.344,0.560,4.345,5.700,26.000
11370,03:09:30,4.344,0.560,4.345,5.700,26.000
11400,03:10:00,4.348,0.540,4.349,5.500,22.000
11430,03:10:30,4.352,0.540,4.353,6.000,26.000
11460,03:11:00,4.352,0.570,4.353,5.700,22.000
11490,03:11:30,4.352,0.580,4.353,5.500,26.000
11520,03:12:00,4.360,0.610,4.361,5.600,26.000
11550,03:12:30,4.364,0.600,4.365,5.700,26.000
11580,03:13:00,4.368,0.590,4.369,5.700,26.000
11610,03:13:30,4.368,0.600,4.369,5.800,26.000
11640,03:14:00,4.372,0.590,4.373,6.100,26.000
11670,03:14:30,4.372,0.610,4.373,6.100,26.000
11700,03:15:00,4.372,0.630,4.373,6.100,26.000
11730,03:15:30,4.372,0.630,4.373,6.000,26.000
11760,03:16:00,4.380,0.630,4.381,6.300,26.000
11790,03:16:30,4.396,0.650,4.397,6.700,30.000
11820,03:17:00,4.424,0.710,4.425,7.300,32.000
11850,03:17:30,4.420,0.730,4.421,7.000,30.000
11880,03:18:00,4.412,0.730,4.413,7.000,32.000
11910,03:18:30,4.412,0.700,4.413,6.900,32.000
11940,03:19:00,4.364,0.620,4.365,6.000,26.000
11970,03:19:30,4.364,0.600,4.365,6.100,26.000
12000,03:20:00,4.368,0.600,4.369,6.300,26.000
12030,03:20:30,4.412,0.710,4.413,7.100,32.000
12060,03:21:00,4.428,0.740,4.429,7.600,32.000
12090,03:21:30,4.424,0.740,4.425,7.400,32.000
12120,03:22:00,4.436,0.750,4.437,7.800,36.000
12150,03:22:30,4.432,0.760,4.433,7.600,36.000
12180,03:23:00,4.436,0.770,4.437,7.600,36.000
12210,03:23:30,4.444,0.760,4.445,7.800,32.000
12240,03:24:00,4.440,0.800,4.441,7.800,32.000
12270,03:24:30,4.436,0.740,4.437,7.700,32.000
12300,03:25:00,4.436,0.770,4.437,7.700,32.000
12330,03:25:30,4.436,0.770,4.437,7.900,36.000
12360,03:26:00,4.436,0.790,4.437,7.600,32.000
12390,03:26:30,4.436,0.760,4.437,7.500,32.000
12420,03:27:00,4.432,0.780,4.433,7.600,36.000
12450,03:27:30,4.436,0.750,4.437,7.700,32.000
12480,03:28:00,4.432,0.760,4.433,7.900,32.000
12510,03:28:30,4.432,0.780,4.433,7.600,32.000
12540,03:29:00,4.432,0.760,4.433,7.600,32.000
12570,03:29:30,4.428,0.750,4.429,7.400,32.000
12600,03:30:00,4.428,0.760,4.429,7.600,32.000
12630,03:30:30,4.424,0.740,4.425,7.300,32.000
12660,03:31:00,4.368,0.570,4.369,5.900,26.000
12690,03:31:30,4.404,0.680,4.405,6.800,30.000
12720,03:32:00,4.360,0.580,4.361,5.800,26.000
12750,03:32:30,4.356,0.570,4.357,5.700,26.000
12780,03:33:00,4.356,0.570,4.357,5.600,22.000
12810,03:33:30,4.360,0.570,4.361,5.500,22.000
12840,03:34:00,4.388,0.650,4.389,6.800,30.000
12870,03:34:30,4.368,0.590,4.369,6.000,26.000
12900,03:35:00,4.356,0.600,4.357,6.000,26.000
12930,03:35:30,4.352,0.560,4.353,5.700,26.000
12960,03:36:00,4.352,0.560,4.353,5.600,26.000
12990,03:36:30,4.352,0.570,4.353,5.700,22.000
13020,03:37:00,4.364,0.580,4.365,6.000,26.000
13050,03:37:30,4.420,0.740,4.421,7.400,32.000
13080,03:38:00,4.424,0.720,4.425,7.400,32.000
13110,03:38:30,4.408,0.710,4.409,7.100,32.000
13140,03:39:00,4.340,0.530,4.341,5.500,22.000
13170,03:39:30,4.416,0.710,4.417,7.100,32.000
13200,03:40:00,4.412,0.700,4.413,7.100,32.000
13230,03:40:30,4.408,0.700,4.409,7.100,30.000
13260,03:41:00,4.412,0.690,4.413,7.100,32.000
13290,03:41:30,4.332,0.510,4.333,5.500,22.000
13320,03:42:00,4.328,0.510,4.329,5.100,22.000
13350,03:42:30,4.332,0.510,4.333,5.300,22.000
13380,03:43:00,4.356,0.560,4.357,5.600,22.000
13410,03:43:30,4.432,0.790,4.433,7.500,32.000
13440,03:44:00,4.436,0.780,4.437,7.700,32.000
13470,03:44:30,4.432,0.740,4.433,7.600,32.000
13500,03:45:00,4.432,0.780,4.433,7.900,36.000
13530,03:45:30,4.408,0.680,4.409,6.800,30.000
13560,03:46:00,4.432,0.790,4.433,7.600,32.000
13590,03:46:30,4.428,0.750,4.429,7.600,32.000
13620,03:47:00,4.436,0.780,4.437,7.800,36.000
13650,03:47:30,4.428,0.760,4.429,7.600,32.000
13680,03:48:00,4.436,0.780,4.437,7.500,32.000
13710,03:48:30,4.412,0.670,4.413,7.000,30.000
13740,03:49:00,4.408,0.710,4.409,7.000,30.000
13770,03:49:30,4.436,0.780,4.437,8.200,36.000
13800,03:50:00,4.444,0.800,4.445,7.700,36.000
13830,03:50:30,4.436,0.780,4.437,8.000,36.000
13860,03:51:00,4.412,0.720,4.413,6.900,32.000
13890,03:51:30,4.368,0.590,4.369,5.800,26.000
13920,03:52:00,4.340,0.530,4.341,5.300,22.000
13950,03:52:30,4.340,0.510,4.341,5.200,22.000
13980,03:53:00,4.388,0.640,4.389,6.800,30.000
14010,03:53:30,4.436,0.770,4.437,7.800,36.000
14040,03:54:00,4.408,0.680,4.409,6.900,30.000
14070,03:54:30,4.432,0.750,4.433,7.700,32.000
14100,03:55:00,4.428,0.750,4.429,7.400,32.000
14130,03:55:30,4.428,0.740,4.429,7.600,32.000
14160,03:56:00,4.432,0.740,4.433,7.600,32.000
14190,03:56:30,4.436,0.780,4.437,7.400,32.000
14220,03:57:00,4.432,0.760,4.433,7.300,36.000
14250,03:57:30,4.436,0.750,4.437,7.500,32.000
14280,03:58:00,4.436,0.760,4.437,7.600,32.000
14310,03:58:30,4.404,0.670,4.405,6.900,30.000
14340,03:59:00,4.364,0.580,4.365,6.000,26.000
14370,03:59:30,4.416,0.710,4.417,6.900,30.000
14400,04:00:00,4.416,0.700,4.417,7.000,32.000
14430,04:00:30,4.444,0.770,4.445,7.800,36.000
14460,04:01:00,4.336,0.530,4.337,5.000,22.000
14490,04:01:30,4.336,0.540,4.337,5.300,22.000
14520,04:02:00,4.340,0.530,4.341,5.300,22.000
14550,04:02:30,4.340,0.520,4.341,5.200,22.000
14580,04:03:00,4.336,0.510,4.337,5.200,22.000
14610,04:03:30,4.336,0.520,4.337,5.200,22.000
14640,04:04:00,4.412,0.670,4.413,6.800,30.000
14670,04:04:30,4.452,0.810,4.453,8.100,36.000
14700,04:05:00,4.452,0.810,4.453,8.100,36.000
14730,04:05:30,4.452,0.790,4.453,7.900,32.000
14760,04:06:00,4.448,0.800,4.449,7.800,36.000
14790,04:06:30,4.448,0.800,4.449,8.100,36.000
14820,04:07:00,4.448,0.780,4.449,8.200,36.000
14850,04:07:30,4.452,0.820,4.453,8.000,36.000
14880,04:08:00,4.452,0.790,4.453,8.000,36.000
14910,04:08:30,4.448,0.780,4.449,7.800,36.000
14940,04:09:00,4.448,0.800,4.449,7.900,36.000
14970,04:09:30,4.448,0.800,4.449,7.900,32.000
15000,04:10:00,4.444,0.810,4.445,7.800,36.000
15030,04:10:30,4.452,0.800,4.453,8.000,36.000
15060,04:11:00,4.448,0.790,4.449,8.400,36.000
15090,04:11:30,4.448,0.820,4.449,7.900,36.000
15120,04:12:00,4.456,0.830,4.457,8.000,36.000
15150,04:12:30,4.460,0.800,4.461,8.200,36.000
15180,04:13:00,4.456,0.800,4.457,8.300,36.000
15210,04:13:30,4.456,0.830,4.457,8.100,36.000
15240,04:14:00,4.460,0.830,4.461,8.200,36.000
15270,04:14:30,4.456,0.850,4.457,8.300,36.000
15300,04:15:00,4.460,0.840,4.461,8.200,36.000
15330,04:15:30,4.464,0.850,4.465,8.500,40.000
15360,04:16:00,4.464,0.910,4.465,8.900,36.000
15390,04:16:30,4.464,0.900,4.465,8.900,40.000
15420,04:17:00,4.468,0.840,4.469,8.800,40.000
15450,04:17:30,4.472,0.860,4.473,8.800,40.000
15480,04:18:00,4.472,0.860,4.473,8.500,40.000
15510,04:18:30,4.476,0.870,4.477,8.400,36.000
15540,04:19:00,4.476,0.880,4.477,9.100,40.000
15570,04:19:30,4.484,0.890,4.485,9.100,40.000
15600,04:20:00,4.484,0.920,4.485,8.900,42.000
15630,04:20:30,4.480,0.900,4.481,9.200,42.000
15660,04:21:00,4.480,0.930,4.481,9.300,42.000
15690,04:21:30,4.484,0.940,4.485,9.100,40.000
15720,04:22:00,4.484,0.890,4.485,8.900,42.000
15750,04:22:30,4.484,0.910,4.485,9.400,42.000
15780,04:23:00,4.480,0.910,4.481,9.000,40.000
15810,04:23:30,4.484,0.930,4.485,9.000,40.000
15840,04:24:00,4.480,0.890,4.481,9.000,40.000
15870,04:24:30,4.480,0.900,4.481,8.900,40.000
15900,04:25:00,4.484,0.910,4.485,8.900,40.000
15930,04:25:30,4.480,0.910,4.481,9.300,40.000
15960,04:26:00,4.484,0.900,4.485,9.200,42.000
15990,04:26:30,4.480,0.900,4.481,8.900,40.000
16020,04:27:00,4.488,0.960,4.489,9.300,42.000
16050,04:27:30,4.492,0.990,4.493,9.500,42.000
16080,04:28:00,4.492,0.980,4.493,9.600,42.000
16110,04:28:30,4.492,0.980,4.493,9.700,42.000
16140,04:29:00,4.492,0.960,4.493,10.100,46.000
16170,04:29:30,4.492,1.000,4.493,10.000,46.000
16200,04:30:00,4.492,0.980,4.493,9.700,42.000
16230,04:30:30,4.488,0.960,4.489,9.400,42.000
16260,04:31:00,4.484,0.940,4.485,9.300,42.000
16290,04:31:30,4.484,0.900,4.485,9.300,40.000
16320,04:32:00,4.484,0.910,4.485,9.400,40.000
16350,04:32:30,4.484,0.930,4.485,9.200,42.000
16380,04:33:00,4.488,0.950,4.489,9.600,42.000
16410,04:33:30,4.484,0.950,4.485,9.400,42.000
16440,04:34:00,4.484,0.950,4.485,9.600,42.000
16470,04:34:30,4.464,0.830,4.465,8.100,36.000
16500,04:35:00,4.496,1.000,4.497,10.000,46.000
16530,04:35:30,4.500,1.020,4.501,10.300,46.000
16560,04:36:00,4.500,1.050,4.501,10.400,46.000
16590,04:36:30,4.512,1.040,4.513,10.500,46.000
16620,04:37:00,4.508,1.050,4.509,10.700,50.000
16650,04:37:30,4.508,1.050,4.509,10.400,46.000
16680,04:38:00,4.504,1.050,4.505,10.500,50.000
16710,04:38:30,4.516,1.050,4.517,10.500,46.000
16740,04:39:00,4.508,1.060,4.509,10.700,50.000
16770,04:39:30,4.504,1.050,4.505,10.500,46.000
16800,04:40:00,4.508,1.050,4.509,10.900,50.000
16830,04:40:30,4.508,1.100,4.509,10.800,50.000
16860,04:41:00,4.516,1.070,4.517,10.700,50.000
16890,04:41:30,4.516,1.040,4.517,10.500,46.000
16920,04:42:00,4.508,1.030,4.509,10.600,46.000
16950,04:42:30,4.504,1.100,4.505,10.800,50.000
16980,04:43:00,4.504,1.040,4.505,10.300,46.000
17010,04:43:30,4.508,1.050,4.509,10.500,46.000
17040,04:44:00,4.512,1.070,4.513,10.300,46.000
17070,04:44:30,4.512,1.060,4.513,10.700,50.000
17100,04:45:00,4.516,1.090,4.517,10.800,50.000
17130,04:45:30,4.520,1.090,4.521,11.200,50.000
17160,04:46:00,4.520,1.070,4.521,10.800,50.000
17190,04:46:30,4.524,1.090,4.525,11.100,50.000
17220,04:47:00,4.512,1.110,4.513,10.700,50.000
17250,04:47:30,4.520,1.090,4.521,10.800,50.000
17280,04:48:00,4.512,1.100,4.513,10.800,50.000
17310,04:48:30,4.508,1.090,4.509,10.800,50.000
17340,04:49:00,4.508,1.070,4.509,10.700,50.000
17370,04:49:30,4.520,1.080,4.521,10.800,50.000
17400,04:50:00,4.512,1.090,4.513,10.700,50.000
17430,04:50:30,4.520,1.080,4.521,10.800,50.000
17460,04:51:00,4.520,1.140,4.521,11.400,52.000
17490,04:51:30,4.520,1.170,4.521,11.500,52.000
17520,04:52:00,4.524,1.150,4.525,11.600,50.000
17550,04:52:30,4.524,1.150,4.525,11.500,52.000
17580,04:53:00,4.520,1.150,4.521,11.200,52.000
17610,04:53:30,4.520,1.080,4.521,10.900,50.000
17640,04:54:00,4.512,1.020,4.513,10.300,46.000
17670,04:54:30,4.528,1.140,4.529,11.200,52.000
17700,04:55:00,4.524,1.150,4.525,11.400,52.000
17730,04:55:30,4.520,1.080,4.521,11.000,50.000
17760,04:56:00,4.524,1.090,4.525,11.300,50.000
17790,04:56:30,4.536,1.180,4.537,12.100,52.000
17820,04:57:00,4.540,1.210,4.541,11.700,52.000
17850,04:57:30,4.528,1.160,4.529,11.700,52.000
17880,04:58:00,4.544,1.230,4.545,12.700,56.000
17910,04:58:30,4.536,1.280,4.537,12.700,58.000
17940,04:59:00,4.548,1.250,4.549,12.500,56.000
17970,04:59:30,4.548,1.330,4.549,13.000,58.000
18000,05:00:00,4.544,1.300,4.545,12.600,56.000
18030,05:00:30,4.552,1.260,4.553,12.900,58.000
18060,05:01:00,4.548,1.260,4.549,12.600,56.000
18090,05:01:30,4.544,1.260,4.545,12.300,56.000
18120,05:02:00,4.544,1.240,4.545,12.600,56.000
18150,05:02:30,4.544,1.300,4.545,13.200,58.000
18180,05:03:00,4.536,1.210,4.537,12.100,56.000
18210,05:03:30,4.536,1.190,4.537,11.800,52.000
18240,05:04:00,4.540,1.210,4.541,12.000,56.000
18270,05:04:30,4.504,1.010,4.505,10.300,46.000
18300,05:05:00,4.468,0.810,4.469,8.400,36.000
18330,05:05:30,4.512,1.000,4.513,10.300,46.000
18360,05:06:00,4.492,0.930,4.493,9.500,42.000
18390,05:06:30,4.520,1.060,4.521,10.500,46.000
18420,05:07:00,4.492,0.930,4.493,9.400,40.000
18450,05:07:30,4.484,0.910,4.485,8.700,40.000
18480,05:08:00,4.480,0.840,4.481,8.800,40.000
18510,05:08:30,4.480,0.890,4.481,8.900,40.000
18540,05:09:00,4.492,0.910,4.493,9.200,42.000
18570,05:09:30,4.560,1.410,4.561,14.100,66.000
18600,05:10:00,4.568,1.430,4.569,13.800,66.000
18630,05:10:30,4.560,1.410,4.561,14.300,66.000
18660,05:11:00,4.560,1.470,4.561,14.400,66.000
18690,05:11:30,4.536,1.180,4.537,11.700,52.000
18720,05:12:00,4.496,0.950,4.497,9.600,42.000
18750,05:12:30,4.492,0.970,4.493,9.400,42.000
18780,05:13:00,4.552,1.300,4.553,13.100,58.000
18810,05:13:30,4.548,1.300,4.549,12.900,58.000
18840,05:14:00,4.552,1.340,4.553,13.400,58.000
18870,05:14:30,4.548,1.340,4.549,13.200,58.000
18900,05:15:00,4.552,1.320,4.553,13.300,58.000
18930,05:15:30,4.552,1.340,4.553,13.300,58.000
18960,05:16:00,4.552,1.360,4.553,13.700,62.000
18990,05:16:30,4.528,1.170,4.529,12.000,56.000
19020,05:17:00,4.540,1.250,4.541,12.200,56.000
19050,05:17:30,4.552,1.470,4.553,14.200,66.000
19080,05:18:00,4.556,1.400,4.557,14.600,66.000
19110,05:18:30,4.560,1.460,4.561,14.200,66.000
19140,05:19:00,4.552,1.380,4.553,13.600,62.000
19170,05:19:30,4.560,1.430,4.561,14.100,66.000
19200,05:20:00,4.552,1.360,4.553,14.000,62.000
19230,05:20:30,4.552,1.360,4.553,13.800,62.000
19260,05:21:00,4.552,1.370,4.553,13.900,62.000
19290,05:21:30,4.548,1.230,4.549,12.200,56.000
19320,05:22:00,4.540,1.230,4.541,12.400,56.000
19350,05:22:30,4.532,1.170,4.533,11.500,52.000
19380,05:23:00,4.512,1.020,4.513,10.000,46.000
19410,05:23:30,4.480,0.900,4.481,9.000,40.000
19440,05:24:00,4.468,0.820,4.469,8.100,36.000
19470,05:24:30,4.448,0.800,4.449,7.900,36.000
19500,05:25:00,4.464,0.820,4.465,8.000,36.000
19530,05:25:30,4.464,0.830,4.465,8.200,36.000
19560,05:26:00,4.464,0.830,4.465,8.300,36.000
19590,05:26:30,4.492,0.920,4.493,9.500,42.000
19620,05:27:00,4.520,1.060,4.521,10.500,46.000
19650,05:27:30,4.532,1.160,4.533,10.900,52.000
19680,05:28:00,4.520,1.090,4.521,10.600,50.000
19710,05:28:30,4.524,1.090,4.525,10.900,50.000
19740,05:29:00,4.532,1.090,4.533,11.200,50.000
19770,05:29:30,4.532,1.080,4.533,11.200,50.000
19800,05:30:00,4.464,0.820,4.465,8.300,36.000
19830,05:30:30,4.468,0.820,4.469,8.200,36.000
19860,05:31:00,4.504,0.940,4.505,9.400,42.000
19890,05:31:30,4.520,1.000,4.521,9.800,46.000
19920,05:32:00,4.512,0.980,4.513,9.900,46.000
19950,05:32:30,4.504,0.940,4.505,9.300,42.000
19980,05:33:00,4.500,0.920,4.501,9.200,42.000
20010,05:33:30,4.444,0.730,4.445,7.300,32.000
20040,05:34:00,4.452,0.770,4.453,7.600,32.000
20070,05:34:30,4.468,0.800,4.469,7.900,36.000
20100,05:35:00,4.484,0.830,4.485,8.700,40.000
20130,05:35:30,4.508,0.960,4.509,9.600,42.000
20160,05:36:00,4.564,1.320,4.565,13.600,62.000
20190,05:36:30,4.580,1.450,4.581,14.200,66.000
20220,05:37:00,4.572,1.630,4.574,16.400,72.000
20250,05:37:30,4.576,1.580,4.578,15.800,72.000
20280,05:38:00,4.576,1.650,4.578,16.300,76.000
20310,05:38:30,4.576,1.600,4.578,16.200,76.000
20340,05:39:00,4.572,1.600,4.574,16.000,72.000
20370,05:39:30,4.576,1.490,4.577,15.100,68.000
20400,05:40:00,4.560,1.400,4.561,14.200,66.000
20430,05:40:30,4.560,1.430,4.561,14.100,66.000
20460,05:41:00,4.568,1.470,4.569,14.700,66.000
20490,05:41:30,4.556,1.230,4.557,12.400,56.000
20520,05:42:00,4.520,1.030,4.521,10.400,46.000
20550,05:42:30,4.512,1.000,4.513,10.200,46.000
20580,05:43:00,4.524,1.000,4.525,10.300,46.000
20610,05:43:30,4.520,1.060,4.521,10.200,46.000
20640,05:44:00,4.564,1.360,4.565,13.800,62.000
20670,05:44:30,4.580,1.500,4.582,15.600,68.000
20700,05:45:00,4.572,1.540,4.574,15.700,72.000
20730,05:45:30,4.580,1.510,4.582,15.200,68.000
20760,05:46:00,4.564,1.440,4.565,14.100,66.000
20790,05:46:30,4.564,1.320,4.565,13.600,62.000
20820,05:47:00,4.568,1.380,4.569,13.900,62.000
20850,05:47:30,4.512,0.980,4.513,9.900,46.000
20880,05:48:00,4.500,0.900,4.501,9.000,40.000
20910,05:48:30,4.484,0.880,4.485,8.800,40.000
20940,05:49:00,4.476,0.860,4.477,8.500,40.000
20970,05:49:30,4.476,0.810,4.477,8.400,36.000
21000,05:50:00,4.468,0.820,4.469,8.400,36.000
21030,05:50:30,4.464,0.800,4.465,8.000,36.000
21060,05:51:00,4.464,0.830,4.465,8.100,36.000
21090,05:51:30,4.468,0.820,4.469,7.600,32.000
21120,05:52:00,4.460,0.760,4.461,8.100,36.000
21150,05:52:30,4.460,0.800,4.461,8.000,36.000
21180,05:53:00,4.464,0.810,4.465,8.000,36.000
21210,05:53:30,4.464,0.780,4.465,7.900,36.000
21240,05:54:00,4.460,0.780,4.461,7.500,32.000
21270,05:54:30,4.460,0.810,4.461,7.600,32.000
21300,05:55:00,4.456,0.750,4.457,7.700,32.000
21330,05:55:30,4.460,0.750,4.461,7.600,32.000
21360,05:56:00,4.452,0.760,4.453,7.500,32.000
21390,05:56:30,4.444,0.740,4.445,7.300,32.000
21420,05:57:00,4.436,0.720,4.437,7.300,32.000
21450,05:57:30,4.432,0.700,4.433,6.900,30.000
21480,05:58:00,4.420,0.660,4.421,6.900,30.000
21510,05:58:30,4.420,0.680,4.421,6.700,30.000
21540,05:59:00,4.412,0.650,4.413,6.500,30.000
21570,05:59:30,4.408,0.610,4.409,6.200,26.000
21600,06:00:00,4.404,0.640,4.405,6.400,26.000
21630,06:00:30,4.400,0.640,4.401,6.000,26.000
21660,06:01:00,4.400,0.620,4.401,6.200,26.000
21690,06:01:30,4.396,0.610,4.397,5.900,26.000
21720,06:02:00,4.388,0.580,4.389,5.900,26.000
21750,06:02:30,4.388,0.560,4.389,6.000,26.000
21780,06:03:00,4.380,0.580,4.381,5.600,26.000
21810,06:03:30,4.380,0.590,4.381,5.800,26.000
21840,06:04:00,4.380,0.570,4.381,5.700,26.000
21870,06:04:30,4.376,0.570,4.377,5.600,22.000
21900,06:05:00,4.376,0.540,4.377,5.400,26.000
21930,06:05:30,4.368,0.530,4.369,5.400,22.000
21960,06:06:00,4.372,0.550,4.373,5.700,22.000
21990,06:06:30,4.376,0.520,4.377,5.500,26.000
22020,06:07:00,4.380,0.580,4.381,5.600,22.000
22050,06:07:30,4.384,0.550,4.385,5.800,26.000
22080,06:08:00,4.388,0.590,4.389,5.900,26.000
22110,06:08:30,4.392,0.610,4.393,5.900,26.000
22140,06:09:00,4.392,0.600,4.393,5.500,22.000
22170,06:09:30,4.400,0.590,4.401,5.800,26.000
22200,06:10:00,4.416,0.650,4.417,6.300,26.000
22230,06:10:30,4.420,0.640,4.421,6.600,26.000
22260,06:11:00,4.432,0.680,4.433,6.700,30.000
22290,06:11:30,4.460,0.740,4.461,7.200,32.000
22320,06:12:00,4.484,0.780,4.485,8.600,36.000
22350,06:12:30,4.492,0.860,4.493,8.600,40.000
22380,06:13:00,4.504,0.910,4.505,9.100,42.000
22410,06:13:30,4.508,0.940,4.509,9.000,42.000
22440,06:14:00,4.524,0.980,4.525,10.000,46.000
22470,06:14:30,4.528,1.020,4.529,9.900,46.000
22500,06:15:00,4.528,1.020,4.529,10.300,46.000
22530,06:15:30,4.520,1.020,4.521,10.200,46.000
22560,06:16:00,4.516,0.920,4.517,9.400,42.000
22590,06:16:30,4.508,0.930,4.509,9.400,42.000
22620,06:17:00,4.536,1.070,4.537,10.700,50.000
22650,06:17:30,4.548,1.170,4.549,11.500,52.000
22680,06:18:00,4.560,1.270,4.561,12.500,56.000
22710,06:18:30,4.564,1.250,4.565,12.700,58.000
22740,06:19:00,4.568,1.330,4.569,13.300,62.000
22770,06:19:30,4.572,1.320,4.573,12.900,58.000
22800,06:20:00,4.568,1.380,4.569,13.700,62.000
22830,06:20:30,4.568,1.370,4.569,13.900,62.000
22860,06:21:00,4.580,1.450,4.581,14.600,66.000
22890,06:21:30,4.588,1.540,4.590,15.800,72.000
22920,06:22:00,4.584,1.560,4.586,15.800,72.000
22950,06:22:30,4.572,1.500,4.574,14.800,68.000
22980,06:23:00,4.576,1.520,4.578,14.800,68.000
23010,06:23:30,4.580,1.520,4.582,15.200,68.000
23040,06:24:00,4.584,1.520,4.586,15.300,68.000
23070,06:24:30,4.580,1.460,4.581,14.700,68.000
23100,06:25:00,4.576,1.510,4.578,15.100,68.000
23130,06:25:30,4.580,1.580,4.582,15.500,72.000
23160,06:26:00,4.580,1.570,4.582,15.500,72.000
23190,06:26:30,4.584,1.570,4.586,15.400,72.000
23220,06:27:00,4.584,1.560,4.586,15.600,72.000
23250,06:27:30,4.576,1.470,4.577,14.800,66.000
23280,06:28:00,4.584,1.460,4.585,14.700,68.000
23310,06:28:30,4.576,1.440,4.577,14.200,66.000
23340,06:29:00,4.568,1.410,4.569,14.200,66.000
23370,06:29:30,4.584,1.570,4.586,15.500,72.000
23400,06:30:00,4.584,1.550,4.586,15.400,72.000
23430,06:30:30,4.580,1.770,4.582,16.900,78.000
23460,06:31:00,4.600,2.030,4.602,20.200,96.000
23490,06:31:30,4.588,2.030,4.590,19.700,92.000
23520,06:32:00,4.588,1.990,4.590,20.100,92.000
23550,06:32:30,4.580,2.100,4.582,20.600,92.000
23580,06:33:00,4.576,1.720,4.578,17.000,78.000
23610,06:33:30,4.588,1.690,4.590,17.200,78.000
23640,06:34:00,4.592,1.830,4.594,18.500,86.000
23670,06:34:30,4.600,2.160,4.602,21.700,102.000
23700,06:35:00,4.592,1.840,4.594,18.200,86.000
23730,06:35:30,4.576,1.450,4.577,14.100,66.000
23760,06:36:00,4.576,1.390,4.577,13.600,62.000
23790,06:36:30,4.580,1.550,4.582,15.300,68.000
23820,06:37:00,4.596,1.820,4.598,18.100,86.000
23850,06:37:30,4.588,1.790,4.590,18.100,82.000
23880,06:38:00,4.604,1.990,4.606,20.700,96.000
23910,06:38:30,4.600,2.270,4.602,22.700,104.000
23940,06:39:00,4.600,2.310,4.602,22.900,104.000
23970,06:39:30,4.608,1.960,4.610,19.700,92.000
24000,06:40:00,4.592,2.190,4.594,22.600,104.000
24030,06:40:30,4.596,2.170,4.598,22.100,102.000
24060,06:41:00,4.608,2.220,4.610,22.300,102.000
24090,06:41:30,4.604,2.240,4.606,23.200,104.000
24120,06:42:00,4.596,2.180,4.598,21.700,98.000
24150,06:42:30,4.592,2.180,4.594,21.500,98.000
24180,06:43:00,4.596,2.140,4.598,21.200,98.000
24210,06:43:30,4.592,2.140,4.594,21.400,98.000
24240,06:44:00,4.592,2.130,4.594,21.400,98.000
24270,06:44:30,4.596,2.100,4.598,21.300,96.000
24300,06:45:00,4.592,2.090,4.594,21.000,96.000
24330,06:45:30,4.592,2.000,4.594,20.100,92.000
24360,06:46:00,4.592,2.050,4.594,20.900,96.000
24390,06:46:30,4.588,2.030,4.590,20.700,92.000
24420,06:47:00,4.584,2.080,4.586,19.900,92.000
24450,06:47:30,4.604,1.950,4.606,19.900,92.000
24480,06:48:00,4.592,1.790,4.594,18.100,82.000
24510,06:48:30,4.460,0.740,4.461,7.500,32.000
24540,06:49:00,4.464,0.770,4.465,7.500,32.000
24570,06:49:30,4.460,0.730,4.461,7.300,32.000
24600,06:50:00,4.536,1.080,4.537,10.700,50.000
24630,06:50:30,4.544,1.110,4.545,11.000,50.000
24660,06:51:00,4.564,1.290,4.565,12.400,56.000
24690,06:51:30,4.556,1.180,4.557,12.000,56.000
24720,06:52:00,4.544,1.070,4.545,11.100,50.000
24750,06:52:30,4.488,0.800,4.489,7.900,36.000
24780,06:53:00,4.464,0.750,4.465,7.100,32.000
24810,06:53:30,4.548,1.040,4.549,10.500,50.000
24840,06:54:00,4.544,1.060,4.545,10.700,50.000
24870,06:54:30,4.548,1.080,4.549,11.000,50.000
24900,06:55:00,4.548,1.050,4.549,10.800,50.000
24930,06:55:30,4.536,1.090,4.537,10.400,46.000
24960,06:56:00,4.540,1.100,4.541,10.400,50.000
24990,06:56:30,4.548,1.070,4.549,10.800,50.000
25020,06:57:00,4.552,1.060,4.553,10.700,50.000
25050,06:57:30,4.548,1.050,4.549,10.600,50.000
25080,06:58:00,4.536,0.980,4.537,10.200,46.000
25110,06:58:30,4.516,0.930,4.517,9.300,40.000
25140,06:59:00,4.484,0.780,4.485,7.900,36.000
25170,06:59:30,4.468,0.760,4.469,7.900,36.000
25200,07:00:00,4.464,0.760,4.465,7.300,32.000
25230,07:00:30,4.456,0.700,4.457,7.100,32.000
25260,07:01:00,4.460,0.750,4.461,7.300,32.000
25290,07:01:30,4.464,0.750,4.465,7.600,32.000
25320,07:02:00,4.452,0.690,4.453,7.000,32.000
25350,07:02:30,4.444,0.690,4.445,6.900,30.000
25380,07:03:00,4.432,0.660,4.433,6.300,30.000
25410,07:03:30,4.416,0.610,4.417,6.300,26.000
25440,07:04:00,4.404,0.560,4.405,5.700,26.000
25470,07:04:30,4.420,0.630,4.421,6.100,26.000
25500,07:05:00,4.392,0.560,4.393,5.500,22.000
25530,07:05:30,4.384,0.560,4.385,5.200,22.000
25560,07:06:00,4.396,0.560,4.397,5.500,26.000
25590,07:06:30,4.412,0.610,4.413,6.100,26.000
25620,07:07:00,4.436,0.670,4.437,6.400,30.000
25650,07:07:30,4.444,0.680,4.445,6.600,30.000
25680,07:08:00,4.436,0.680,4.437,6.500,30.000
25710,07:08:30,4.432,0.650,4.433,6.600,30.000
25740,07:09:00,4.436,0.670,4.437,6.700,30.000
25770,07:09:30,4.452,0.670,4.453,6.700,30.000
25800,07:10:00,4.488,0.800,4.489,7.700,36.000
25830,07:10:30,4.512,0.830,4.513,8.200,40.000
25860,07:11:00,4.512,0.870,4.513,8.700,40.000
25890,07:11:30,4.536,0.970,4.537,9.600,46.000
25920,07:12:00,4.524,0.910,4.525,9.200,42.000
25950,07:12:30,4.540,0.970,4.541,9.600,42.000
25980,07:13:00,4.532,0.940,4.533,9.400,42.000
26010,07:13:30,4.556,1.030,4.557,10.500,50.000
26040,07:14:00,4.588,1.190,4.589,12.300,56.000
26070,07:14:30,4.608,1.450,4.609,14.100,66.000
26100,07:15:00,4.616,1.590,4.618,15.800,72.000
26130,07:15:30,4.628,1.850,4.630,18.200,86.000
26160,07:16:00,4.648,2.010,4.650,21.000,96.000
26190,07:16:30,4.656,1.950,4.658,19.500,92.000
26220,07:17:00,4.640,2.210,4.642,22.200,102.000
26250,07:17:30,4.648,2.170,4.650,21.900,102.000
26280,07:18:00,4.652,2.240,4.654,21.800,102.000
26310,07:18:30,4.640,2.280,4.642,22.500,104.000
26340,07:19:00,4.660,2.250,4.662,22.900,104.000
26370,07:19:30,4.652,2.320,4.654,22.800,104.000
26400,07:20:00,4.664,2.250,4.666,22.700,108.000
26430,07:20:30,4.652,2.220,4.654,22.800,104.000
26460,07:21:00,4.648,2.230,4.650,22.200,104.000
26490,07:21:30,4.648,2.250,4.650,22.900,108.000
26520,07:22:00,4.668,2.300,4.670,22.200,104.000
26550,07:22:30,4.660,1.970,4.662,19.800,92.000
26580,07:23:00,4.656,2.140,4.658,21.200,98.000
26610,07:23:30,4.676,2.260,4.678,22.500,104.000
26640,07:24:00,4.672,2.210,4.674,22.200,104.000
26670,07:24:30,4.672,2.210,4.674,21.800,102.000
26700,07:25:00,4.668,2.130,4.670,21.500,102.000
26730,07:25:30,4.664,2.150,4.666,21.600,102.000
26760,07:26:00,4.668,2.130,4.670,21.500,102.000
26790,07:26:30,4.672,2.210,4.674,22.000,102.000
26820,07:27:00,4.668,1.960,4.670,19.700,92.000
26850,07:27:30,4.680,2.290,4.682,22.500,108.000
26880,07:28:00,4.668,2.240,4.670,22.900,108.000
26910,07:28:30,4.680,2.240,4.682,22.200,108.000
26940,07:29:00,4.672,2.230,4.674,22.500,104.000
26970,07:29:30,4.668,2.180,4.670,22.100,104.000
27000,07:30:00,4.676,2.180,4.678,22.200,102.000
27030,07:30:30,4.676,2.160,4.678,21.300,102.000
27060,07:31:00,4.656,1.970,4.658,19.900,92.000
27090,07:31:30,4.660,1.900,4.662,19.300,88.000
27120,07:32:00,4.648,2.000,4.650,20.000,92.000
27150,07:32:30,4.648,1.990,4.650,19.900,92.000
27180,07:33:00,4.656,1.870,4.658,18.700,86.000
27210,07:33:30,4.648,1.640,4.650,16.700,76.000
27240,07:34:00,4.644,1.790,4.646,18.200,86.000
27270,07:34:30,4.640,1.640,4.642,16.400,76.000
27300,07:35:00,4.644,1.670,4.646,16.600,78.000
27330,07:35:30,4.640,1.580,4.642,15.300,72.000
27360,07:36:00,4.584,1.110,4.585,11.000,50.000
27390,07:36:30,4.560,0.970,4.561,9.900,46.000
27420,07:37:00,4.608,1.330,4.609,13.200,62.000
27450,07:37:30,4.612,1.300,4.613,13.200,62.000
27480,07:38:00,4.584,1.150,4.585,11.400,52.000
27510,07:38:30,4.588,1.200,4.589,11.800,56.000
27540,07:39:00,4.572,1.100,4.573,10.800,50.000
27570,07:39:30,4.636,1.470,4.637,14.600,68.000
27600,07:40:00,4.636,1.510,4.638,15.100,68.000
27630,07:40:30,4.620,1.370,4.621,13.800,66.000
27660,07:41:00,4.488,0.760,4.489,7.600,32.000
27690,07:41:30,4.452,0.650,4.453,7.000,30.000
27720,07:42:00,4.428,0.620,4.429,6.100,26.000
27750,07:42:30,4.420,0.580,4.421,5.600,26.000
27780,07:43:00,4.408,0.540,4.409,5.400,22.000
27810,07:43:30,4.400,0.540,4.401,5.300,22.000
27840,07:44:00,4.388,0.550,4.389,5.100,22.000
27870,07:44:30,4.388,0.510,4.389,4.900,22.000
27900,07:45:00,4.392,0.530,4.393,5.200,22.000
27930,07:45:30,4.404,0.520,4.405,5.200,22.000
27960,07:46:00,4.404,0.550,4.405,5.300,22.000
27990,07:46:30,4.408,0.530,4.409,5.500,22.000
28020,07:47:00,4.416,0.550,4.417,5.900,26.000
28050,07:47:30,4.452,0.630,4.453,6.300,30.000
28080,07:48:00,4.460,0.680,4.461,6.700,30.000
28110,07:48:30,4.448,0.670,4.449,6.300,30.000
